{"loss": 0.00045965611934661865, "_timestamp": 1724995923.134061, "_runtime": 15.134371995925903, "_step": 29, "_wandb": {"runtime": 14}}