{"AUROC": 0.8687190070921986, "FPR": 0.6803191489361702, "_timestamp": 1729500524.5572052, "_runtime": 11.570367097854614, "_step": 0, "_wandb": {"runtime": 10}}