{"loss": 0.0003713369369506836, "_timestamp": 1724995747.4833832, "_runtime": 20.375615119934082, "_step": 29, "_wandb": {"runtime": 19}}