{"loss": 0.0014466345310211182, "_timestamp": 1724996029.5140786, "_runtime": 66.67873573303223, "_step": 29, "_wandb": {"runtime": 65}}