{"loss": 0.0007845908403396606, "_timestamp": 1724995562.1701844, "_runtime": 11.104578256607056, "_step": 29, "_wandb": {"runtime": 10}}