{"loss": 0.00042714178562164307, "_timestamp": 1724995508.224075, "_runtime": 15.379009008407593, "_step": 29, "_wandb": {"runtime": 14}}