{"AUROC": 0.926909465, "FPR": 0.3294, "_timestamp": 1729501362.57632, "_runtime": 117.7937958240509, "_step": 0, "_wandb": {"runtime": 116}}