{"loss": 0.00015662610530853271, "_timestamp": 1724995440.4339466, "_runtime": 10.494507551193237, "_step": 29, "_wandb": {"runtime": 9}}