{"AUROC": 0.8501760569999999, "FPR": 0.5661, "_timestamp": 1729513913.8266442, "_runtime": 355.6959512233734, "_step": 0, "_wandb": {"runtime": 338}}