{"loss": 0.0004076063632965088, "_timestamp": 1724995804.802094, "_runtime": 18.71508002281189, "_step": 29, "_wandb": {"runtime": 17}}