{"AUROC": 0.8645932180851066, "FPR": 0.5659574468085107, "_timestamp": 1729498654.627238, "_runtime": 280.31471514701843, "_step": 0, "_wandb": {"runtime": 279}}