{"loss": 0.0007563531398773193, "_timestamp": 1724995674.718195, "_runtime": 14.3770170211792, "_step": 29, "_wandb": {"runtime": 13}}