{"AUROC": 0.67442287, "FPR": 0.889, "_timestamp": 1729498276.4735503, "_runtime": 113.61049628257751, "_step": 0, "_wandb": {"runtime": 112}}